1,injury,omelet,note,modest,glimpse,funny,cloak,knock,shriek,brink,take,luckily,slant,unicorn,original,salt,flesh,mentally,pimp,zucchini,plaza,absurd,gargoyle,stigma,stone,meow,dock,confirm,tone,axe,expect,dwarf,gauze,choral,microwave,happen,clutch,frieze,waffle,wrote,aware,shear,primate,hanukkah,rabbit,downpour,raise,kick,semen,fossil,nun,justice,too,life,disease,madman,boxer,wreck,hoe,bulldog,buttery,dung,wisp,wean,guild,backward,colorless,throw,chuckle,regiment,zoom,ginger,wade,railway,success,apt,buckle,hammer,deem,used,asphalt,agree,portal,lull,opaque,infest,carl,heavenly,gauge,box,comedian,romantic,spear,nowhere,mead,shoeshine,quartz,picky,billy,gymnast,darkness,swimsuit,make,racist,rewrite,salacious,unknown,academy,horn,clergy,dizzy,pleat,playmate,sunbeam,factor,veal,frequent,splatter,gang,thread,grade,chorus,funnel,bamboo,belief,locker,gym,creak,awfully,mime,crash,porridge,highlight,haystack,obstacle,gulf,condense,walrus,swept,flu,chuck,pinnacle,option,ramble,audience,rave,grown,governor,clause,african,dam,aloud,pitchfork,urn,swatch,lookup,sundae,velvet,luscious
2,eel,asthma,rubble,react,whence,student,dungeon,dell,avenue,mister,score,meld,abyss,lifeguard,locket,explore,wry,answer,roll,george,base,gender,tripe,pollute,oscar,nun,whorl,texas,turkey,quench,snore,thinker,woman,lawsuit,parachute,chose,squall,hose,kale,grope,peddle,headache,deadly,grumpy,terse,boil,catfish,bible,engage,frequency,kettle,item,shrine,otherwise,folk,insect,chase,beep,lousy,hungry,fruit,earlier,keen,sneak,occupied,artery,pierce,grass,industry,rum,bumble,pretty,melon,sunny,function,flask,rotation,root,jab,breakfast,menu,bag,bench,heart,proof,younger,furniture,snail,dirt,sop,garage,honeybee,height,invest,porridge,inaction,artillery,redhead,gorge,organ,wad,asparagus,jeer,necklace,binge,disperse,eccentric,cinnamon,balloon,dreamt,dead,scuff,sky,grapevine,neck,gouge,cow,fight,brilliant,surgeon,operate,crop,lung,wrack,giggle,seminar,stead,tech,spouse,plump,swatch,inn,luckily,one,spanish,mess,eighteen,treatise,preacher,tomb,thrice,terror,research,sidewalk,tower,violet,thyme,knowledge,antelope,flock,pee,hitch,marshall,fin,dope,cattle,shone,slinky,saucepan
3,character,isle,flavor,pastry,meter,feast,week,primate,anthill,mumble,universal,oodles,burner,monopoly,basin,goalie,assume,scab,fluid,chianti,swatch,bait,comment,salve,whiskey,research,galaxy,hedge,hawaiian,airborne,the,torque,decency,lion,careless,mess,tongue,yore,felicity,belch,sheath,roar,unbutton,overture,muffin,meek,soliloquy,serpent,buttocks,hear,update,late,theft,obfuscate,grub,aloud,nephew,index,cuckoo,immortal,stunt,prince,ire,glove,mauve,fracture,ash,sunshine,discount,washable,thorn,cram,lump,rodeo,baton,shirt,trip,hale,ulcer,stem,threat,lore,paste,kind,slant,stand,rim,cookbook,chuckle,magnet,numb,top,requiem,treaty,stack,huge,small,theme,shanghai,terrific,verse,flick,dad,guppy,sheer,one,freaky,wit,caste,dread,inspector,remote,occupied,brown,dishonest,crescent,shear,molasses,piccolo,appeal,husband,swore,dinosaur,porridge,slit,buddy,boxer,tax,oscar,million,crew,arduous,maid,deck,twenty,ideal,year,gave,notebook,veer,tryst,marathon,suitable,sleepwalk,snort,judgement,excess,wept,guise,marriage,shark,furry,irony,explain,fallen,bravo,myrrh,personal,cinema
4,sherbet,numb,plea,palace,scooter,backward,ham,scroll,souvenir,crew,plume,delight,lace,wield,shack,buttercup,cake,doggy,slot,gait,falcon,duckling,queer,whisk,mommy,lather,maid,vacation,discuss,decide,pine,decent,oyster,scalpel,snort,gurgle,gingham,calamine,harry,sob,wreck,burgundy,this,rep,trucker,pattern,sleuth,naturally,location,major,used,feint,herring,liar,pay,limousine,golden,bulldozer,neck,cleat,plural,out,protest,grateful,walk,attorney,initial,trainer,ravioli,ketchup,steady,submit,column,pour,built,cease,lush,gloss,clone,vie,alphabet,course,available,jig,brown,daisy,cheer,young,acres,free,lousy,wham,piece,chick,thorny,near,resort,prowl,muzzle,warlike,shoulder,axe,summon,racket,yellow,removal,actress,crow,dishonest,squeal,ledge,paperwork,warren,essence,upright,horror,square,element,dry,flux,evaluate,cycle,yank,dreamt,heartbeat,race,freak,nobody,wedge,formula,small,latter,squire,sun,jew,mahogany,bagful,distress,consider,cheaper,natural,grandpa,staid,mental,dumb,blender,bind,stupidity,thong,craft,crux,town,contact,relative,godfather,awful,totally,tall,agree
5,thorough,reap,sentence,condemn,cheer,bath,boob,common,sailor,heir,warren,aesthetic,further,putty,apt,whoosh,slang,foot,probation,lass,total,splice,behalf,piggyback,merit,gloomy,idiot,plank,tease,pronounce,sunset,holler,free,moll,dog,toga,stump,saw,civil,behave,honk,agitate,christmas,rubble,clover,jungle,russian,met,british,furry,hear,mousetrap,tell,survey,wag,safety,ethic,harvest,wad,writer,idea,committee,mum,cane,whore,attempt,choose,fallen,tuna,wife,hat,yarn,defrost,district,floss,iceberg,trash,saucepan,arrival,disgrace,lizard,stretch,synagogue,cliff,pretend,sadly,shaker,leader,portrait,heavily,aluminum,seem,rodeo,mushy,undress,lotion,shallow,wheel,affair,province,peace,knoll,keen,one,glory,ferocious,dot,jumble,guidance,mahogany,purely,troll,eagle,swirl,michael,man,toenail,jocular,pigeon,havoc,whatever,usher,stroke,isthmus,bloom,laugh,chore,degree,seagull,decorate,washroom,contrive,dome,glare,rider,poll,honeymoon,cedar,trim,brick,breadth,talk,curse,obey,lemon,turnip,destroy,applied,pensive,detective,method,banana,beck,assistant,prod,mistake,wade,shape,grab
6,steam,class,rat,biology,poisonous,juice,land,circuit,staid,sicken,sung,brow,artistic,ankle,punk,goldfish,lithe,dungeon,clam,cheerful,slouch,twinkle,thousand,glance,beet,that,frequent,marmalade,jab,tome,circus,grouchy,arc,shuck,urgent,recluse,wednesday,partial,inward,smallness,thigh,brazil,whale,disease,dusk,rainstorm,felt,chorus,plastic,reap,passion,link,hottest,gourmet,zest,felicity,rental,china,breed,atomic,funnel,britain,raccoon,oar,buffet,lop,crime,swath,luncheon,wrap,you,gorgeous,remind,seaweed,chrysalis,tong,immortal,threat,souvenir,quarry,prune,violin,distinct,bourbon,pushup,universal,shrank,lace,cottage,overflow,meld,knoll,mackerel,merely,midnight,due,lore,resolve,eggshell,office,clinch,shack,civil,theft,acquiesce,nickel,nominal,plural,blare,honk,treason,mean,keen,knead,anyplace,sentence,kayak,code,vogue,distress,softly,adore,mound,clever,sod,german,mister,ritual,basis,chunk,dislike,fastest,vex,walker,tattoo,goon,drama,mnemonic,prank,reusable,willow,emulsion,dairy,should,sulphur,argue,contact,complete,wham,envoy,bongo,rookie,worse,martyr,villain,panther,tonic,gymnastic,determine
7,dinner,colony,sweetest,refuel,troll,dome,golden,pry,starry,behold,county,ruler,cricket,picture,cam,hidden,hairdo,contact,west,gang,gosh,motor,dreadful,gouge,arrive,leak,lice,phase,hem,treatment,jealousy,liner,meatball,snack,shrank,attract,midst,broom,chunk,gust,calorie,option,commander,plot,series,tame,quality,best,conquer,exchange,tape,ambush,stub,coup,gold,ton,comic,small,label,hideout,cello,rippling,flare,rule,towel,planter,fall,blank,zinc,tease,agony,bush,scrub,band,cure,trivia,yell,gauge,appears,feast,grateful,bone,negative,huh,reader,venus,scarce,wreak,opaque,archaic,dorm,furlough,gnome,writhe,wriggle,circuit,drunken,speech,shag,the,numb,baby,zone,cocaine,announcer,neck,slid,prow,enormous,captain,mushroom,landlord,necklace,outlet,wear,grass,ruse,premiere,cottage,wonderful,saloon,composer,brass,jones,soggy,sissy,rouge,enable,vigil,dark,slept,listen,parakeet,drake,fur,yearbook,ancestors,solve,fossil,achieve,rock,primate,badness,devil,repay,breakfast,tim,mahogany,wiggle,cost,eggnog,sham,moreover,noisy,church,apartheid,obey,hut,roast
8,could,magnet,cactus,porn,report,housework,tense,lottery,nook,extension,ahead,lunchtime,pupil,clung,various,squeak,strap,canoe,traffic,kit,apt,lattice,transform,trashy,stream,odd,melt,station,slobber,unopened,enough,sieve,pension,marmalade,discover,chafe,limb,excite,ewe,veto,worth,folder,jingle,summon,coconut,immediate,coastal,snout,placement,avoid,wednesday,delete,chassis,design,program,granule,awning,softness,recluse,genie,face,tone,swung,errand,urban,goal,orchid,custody,courteous,butte,fuse,borrow,ail,gel,scene,acorn,stockings,hence,arm,chair,anywhere,decoy,bisque,scooter,lounge,wagon,video,appease,sweet,lute,postman,happiest,ambulance,panda,sine,demagogue,computer,accurate,land,borough,pith,someday,science,market,uniform,offensive,lance,digest,tech,pregnancy,notch,crude,bomb,spotlight,somehow,sec,hooch,bedbug,stork,rare,cookbook,saliva,homeless,stealth,putty,frequent,sat,con,boob,guess,quiz,explode,alien,energy,salute,stack,dresser,savior,somewhere,gyp,sung,glory,their,await,venom,gain,squall,square,wherever,anyway,marshall,farm,brief,peal,announcer,fifteen,pant,rum,cadet
9,junior,lovable,believe,eat,sunday,amnesia,rag,flunk,quit,torque,clinic,possess,reach,overnight,beck,embarrass,pox,slate,flash,shepherd,devil,medieval,groom,unlucky,ferocious,donate,survive,marigold,easily,babble,hearse,spun,paperboy,crossword,cleanse,frighten,persuade,hunt,dearly,nature,voodoo,celery,eighteen,cent,din,pathetic,honor,treatise,royal,pare,butch,daunt,playmate,sovereign,jones,pretty,jealousy,leaky,book,crane,flourish,pickle,sedan,count,organize,warren,redo,gulp,creak,eel,hyacinth,picky,dangerous,candle,dank,without,fled,tomato,destiny,done,cuteness,mall,strife,news,nobody,ball,rubbish,coolness,siege,sway,echo,religion,week,legal,bed,swam,zebra,sofa,heavy,venus,pastrami,tint,upstairs,tush,lattice,naval,mourn,sandbox,guild,scene,far,brunette,rustle,ritz,bathtub,divine,wrote,inspire,blackness,salacious,cowgirl,well,purchase,yell,delta,ashamed,woman,hoof,angle,picnic,one,core,spur,tack,stopper,gravy,amuse,lane,washer,weak,waist,skill,skulk,include,local,enemy,banana,ledge,continue,boyfriend,written,lurk,shape,caste,harass,farmer,builder,wardrobe,allergic
10,manatee,central,hawaiian,barge,spoken,slug,yoke,contain,cool,chick,colt,product,weapon,dragon,asian,dearly,rap,principal,physique,buffalo,pension,mentally,soup,kite,torture,heater,waddle,salacious,fifteen,zigzag,gut,bulge,strangle,benign,hare,hobby,hug,ecstatic,cheerful,attack,mystery,shall,bind,sodium,condemn,graffiti,wore,sheik,basis,crack,verge,broad,enjoy,vulgar,cheddar,toad,wove,swamp,rapt,clergy,tighten,bonus,bother,comfort,nil,student,wage,helm,splashy,butter,cardiac,frank,elixir,dimple,explode,column,feminine,insurance,outside,lottery,shopper,objection,slide,clay,thong,wardrobe,hub,two,salami,hoof,eternal,guest,jazz,stranger,custody,writhe,maiden,expand,scant,blaze,synagogue,distract,sag,cheese,strongest,mama,tux,broke,maple,whose,habit,thickness,tripe,normally,halve,disc,case,buddha,well,keg,french,martyr,medieval,someplace,caution,invent,speedboat,bandit,spurt,pepperoni,greatest,tunnel,dimension,fallen,excite,caste,jack,pall,gird,sea,crane,autograph,fizz,warmth,fellow,clearly,december,king,noisy,rut,phase,cobra,spat,orangutan,piece,pass,modern,blonde,dirty
11,crest,sincere,spruce,puppeteer,sugar,fowl,hottest,volcano,property,message,greater,spinach,fiend,cocoa,bug,chunky,mound,helmet,mousetrap,lettuce,texas,workman,math,remind,potential,pathway,monte,downward,mammoth,glib,author,juice,castle,shop,middle,away,sodium,jeans,shrank,gait,revenue,whig,socket,junk,fan,eighty,bishop,casket,ware,slip,zucchini,frost,suitcase,acquiesce,lemonade,easily,somewhere,demand,occasion,medieval,loony,stone,finder,define,giant,prairie,timber,lest,squirt,negro,harsh,mail,cluck,clause,meek,picnic,execute,sawdust,rustic,grotesque,norm,carefully,militia,sleepwalk,vault,practice,poorly,poultry,jingle,stay,sorbet,idol,teeter,virus,hearse,mutt,commander,eyebrow,corral,fled,tusk,shut,gooey,reflect,chic,seagull,spread,daylight,trim,prisoner,student,tricycle,amethyst,gremlin,look,crust,chili,oval,life,throne,harry,impolite,course,meatball,digress,carpet,move,ahead,adamant,village,pizza,comrade,irk,woo,wren,unhappy,backbone,icy,dodo,wrestler,braille,baby,vegetable,least,organic,next,inspector,stand,reminisce,peacock,error,tangle,climb,day,plum,whopping,woke,agree,uncover
12,cocaine,via,shift,cinema,burst,zap,behind,tablet,skinner,juke,lightly,hive,opaque,plaque,frivolous,remember,slum,shard,yap,sapphire,sugar,pinnacle,tuna,scene,bunk,residents,funk,nice,fur,disk,anyway,vegetable,highness,prepare,clutch,dimple,giraffe,mare,sneak,sodium,ban,jive,calf,april,prep,unfrozen,berth,ruffle,frightful,caffeine,tragic,hitch,flux,ambitious,boon,avert,unpopular,mock,bid,church,still,comedian,athlete,jaguar,maximum,doe,geyser,stash,cafeteria,spurt,sally,without,forth,nazi,dine,rob,was,jew,latest,wealth,authentic,zinc,designer,stopper,mild,nugget,baldness,douse,obey,frock,critic,draught,elite,cherry,storm,tuxedo,worth,religion,suspend,stick,oblique,stable,always,admiral,floor,oscar,banner,obstacle,vigil,ultimatum,pit,huge,thorough,prophet,scale,destroy,piano,humor,gnome,plush,daughter,cavalry,posture,distance,wizard,decision,blitz,housework,carbon,teensy,author,goodnight,snowball,depot,cookout,mope,instant,musketeer,creaky,bump,hike,chord,delicious,feat,lunchroom,confess,gig,shower,cello,await,joint,watch,sliver,display,sweetie,fountain,aisle,seldom,storybook
